,Year,Month,RainFall(mm)
0,1901,1.0,13.12
1,1902,1.0,0.0
2,1903,1.0,0.0
3,1904,1.0,0.0
4,1905,1.0,0.66
5,1906,1.0,0.0
6,1907,1.0,2.52
7,1908,1.0,1.78
8,1909,1.0,0.0
9,1910,1.0,0.0
10,1911,1.0,0.23
11,1912,1.0,0.0
12,1913,1.0,0.0
13,1914,1.0,0.0
14,1915,1.0,0.0
15,1916,1.0,0.0
16,1917,1.0,0.0
17,1918,1.0,0.0
18,1919,1.0,1.66
19,1920,1.0,42.62
20,1921,1.0,0.0
21,1922,1.0,0.0
22,1923,1.0,0.0
23,1924,1.0,0.0
24,1925,1.0,0.0
25,1926,1.0,51.35
26,1927,1.0,0.0
27,1928,1.0,0.0
28,1929,1.0,4.4
29,1930,1.0,0.0
30,1931,1.0,0.0
31,1932,1.0,0.0
32,1933,1.0,0.0
33,1934,1.0,0.0
34,1935,1.0,0.0
35,1936,1.0,0.0
36,1937,1.0,0.0
37,1938,1.0,0.0
38,1939,1.0,0.0
39,1940,1.0,13.12
40,1941,1.0,0.36
41,1942,1.0,0.0
42,1943,1.0,2.65
43,1944,1.0,0.0
44,1945,1.0,14.57
45,1946,1.0,0.0
46,1947,1.0,0.33
47,1948,1.0,5.05
48,1949,1.0,0.0
49,1950,1.0,0.0
50,1951,1.0,0.0
51,1952,1.0,0.0
52,1953,1.0,0.0
53,1954,1.0,0.12
54,1955,1.0,0.0
55,1956,1.0,0.0
56,1957,1.0,0.0
57,1958,1.0,0.13
58,1959,1.0,0.0
59,1960,1.0,0.0
60,1961,1.0,0.0
61,1962,1.0,0.0
62,1963,1.0,4.42
63,1964,1.0,0.0
64,1965,1.0,3.09
65,1966,1.0,0.0
66,1967,1.0,0.0
67,1968,1.0,0.0
68,1969,1.0,0.0
69,1970,1.0,0.53
70,1971,1.0,0.0
71,1972,1.0,0.0
72,1973,1.0,0.0
73,1974,1.0,0.0
74,1975,1.0,0.0
75,1976,1.0,0.0
76,1977,1.0,0.0
77,1978,1.0,0.0
78,1979,1.0,0.0
79,1980,1.0,1.13
80,1981,1.0,0.96
81,1982,1.0,0.0
82,1983,1.0,0.0
83,1984,1.0,0.0
84,1985,1.0,0.0
85,1986,1.0,0.0
86,1987,1.0,0.0
87,1988,1.0,0.0
88,1989,1.0,6.14
89,1990,1.0,0.0
90,1991,1.0,0.0
91,1992,1.0,0.0
92,1993,1.0,0.0
93,1994,1.0,12.47
94,1995,1.0,0.9
95,1996,1.0,2.6
96,1997,1.0,0.0
97,1998,1.0,0.0
98,1999,1.0,0.0
99,2000,1.0,0.0
100,2001,1.0,1.01
101,2002,1.0,0.0
102,2003,1.0,0.0
103,2004,1.0,0.0
104,2005,1.0,0.54
105,2006,1.0,0.0
106,2007,1.0,0.0
107,2008,1.0,0.0
108,2009,1.0,0.0
109,2010,1.0,0.0
110,2011,1.0,0.0
111,2012,1.0,0.0
112,2013,1.0,0.0
113,2014,1.0,0.47
114,2015,1.0,0.0
115,2016,1.0,0.0
116,2017,1.0,0.0
117,2018,1.0,0.0
118,2019,1.0,0.0
119,2020,1.0,0.0
120,2021,1.0,0.73
121,1901,2.0,0.0
122,1902,2.0,0.0
123,1903,2.0,0.0
124,1904,2.0,0.0
125,1905,2.0,1.71
126,1906,2.0,3.31
127,1907,2.0,2.98
128,1908,2.0,2.2
129,1909,2.0,0.0
130,1910,2.0,0.0
131,1911,2.0,0.53
132,1912,2.0,0.0
133,1913,2.0,0.35
134,1914,2.0,3.1
135,1915,2.0,12.03
136,1916,2.0,0.0
137,1917,2.0,21.11
138,1918,2.0,0.0
139,1919,2.0,0.0
140,1920,2.0,2.39
141,1921,2.0,0.0
142,1922,2.0,0.0
143,1923,2.0,0.25
144,1924,2.0,0.0
145,1925,2.0,0.0
146,1926,2.0,0.0
147,1927,2.0,1.85
148,1928,2.0,2.19
149,1929,2.0,0.0
150,1930,2.0,0.0
151,1931,2.0,0.0
152,1932,2.0,0.0
153,1933,2.0,0.0
154,1934,2.0,0.0
155,1935,2.0,0.0
156,1936,2.0,0.35
157,1937,2.0,6.03
158,1938,2.0,0.0
159,1939,2.0,0.0
160,1940,2.0,9.17
161,1941,2.0,0.0
162,1942,2.0,0.0
163,1943,2.0,0.0
164,1944,2.0,0.0
165,1945,2.0,0.0
166,1946,2.0,0.0
167,1947,2.0,0.0
168,1948,2.0,0.0
169,1949,2.0,0.0
170,1950,2.0,0.0
171,1951,2.0,0.0
172,1952,2.0,0.0
173,1953,2.0,0.0
174,1954,2.0,7.98
175,1955,2.0,0.0
176,1956,2.0,0.0
177,1957,2.0,0.0
178,1958,2.0,0.0
179,1959,2.0,0.0
180,1960,2.0,0.0
181,1961,2.0,19.35
182,1962,2.0,0.59
183,1963,2.0,0.0
184,1964,2.0,0.0
185,1965,2.0,0.0
186,1966,2.0,0.0
187,1967,2.0,0.0
188,1968,2.0,0.0
189,1969,2.0,0.0
190,1970,2.0,0.0
191,1971,2.0,0.61
192,1972,2.0,4.0
193,1973,2.0,0.47
194,1974,2.0,0.0
195,1975,2.0,0.0
196,1976,2.0,0.0
197,1977,2.0,0.0
198,1978,2.0,0.53
199,1979,2.0,0.26
200,1980,2.0,0.0
201,1981,2.0,0.53
202,1982,2.0,0.0
203,1983,2.0,0.0
204,1984,2.0,0.88
205,1985,2.0,0.0
206,1986,2.0,0.0
207,1987,2.0,0.0
208,1988,2.0,0.0
209,1989,2.0,0.0
210,1990,2.0,0.67
211,1991,2.0,0.0
212,1992,2.0,0.0
213,1993,2.0,0.0
214,1994,2.0,0.0
215,1995,2.0,0.0
216,1996,2.0,0.0
217,1997,2.0,0.0
218,1998,2.0,0.0
219,1999,2.0,0.15
220,2000,2.0,0.0
221,2001,2.0,0.0
222,2002,2.0,0.0
223,2003,2.0,1.95
224,2004,2.0,0.0
225,2005,2.0,0.0
226,2006,2.0,0.0
227,2007,2.0,0.0
228,2008,2.0,0.0
229,2009,2.0,0.0
230,2010,2.0,0.0
231,2011,2.0,0.0
232,2012,2.0,0.0
233,2013,2.0,0.0
234,2014,2.0,4.08
235,2015,2.0,0.0
236,2016,2.0,0.0
237,2017,2.0,0.0
238,2018,2.0,0.0
239,2019,2.0,0.0
240,2020,2.0,0.0
241,2021,2.0,0.83
242,1901,3.0,0.0
243,1902,3.0,0.0
244,1903,3.0,0.84
245,1904,3.0,11.38
246,1905,3.0,0.0
247,1906,3.0,0.0
248,1907,3.0,0.0
249,1908,3.0,0.29
250,1909,3.0,0.0
251,1910,3.0,0.0
252,1911,3.0,0.0
253,1912,3.0,0.0
254,1913,3.0,0.0
255,1914,3.0,0.0
256,1915,3.0,18.25
257,1916,3.0,0.0
258,1917,3.0,0.0
259,1918,3.0,11.04
260,1919,3.0,0.0
261,1920,3.0,0.0
262,1921,3.0,0.0
263,1922,3.0,0.0
264,1923,3.0,0.0
265,1924,3.0,0.16
266,1925,3.0,0.89
267,1926,3.0,0.0
268,1927,3.0,0.16
269,1928,3.0,0.0
270,1929,3.0,1.19
271,1930,3.0,0.0
272,1931,3.0,0.0
273,1932,3.0,0.0
274,1933,3.0,0.25
275,1934,3.0,0.48
276,1935,3.0,0.0
277,1936,3.0,0.0
278,1937,3.0,0.0
279,1938,3.0,0.0
280,1939,3.0,0.0
281,1940,3.0,3.63
282,1941,3.0,0.0
283,1942,3.0,0.0
284,1943,3.0,0.0
285,1944,3.0,0.35
286,1945,3.0,0.0
287,1946,3.0,0.0
288,1947,3.0,0.0
289,1948,3.0,0.0
290,1949,3.0,0.0
291,1950,3.0,0.0
292,1951,3.0,1.79
293,1952,3.0,0.0
294,1953,3.0,0.0
295,1954,3.0,0.0
296,1955,3.0,0.0
297,1956,3.0,0.0
298,1957,3.0,0.0
299,1958,3.0,0.0
300,1959,3.0,0.0
301,1960,3.0,0.0
302,1961,3.0,0.0
303,1962,3.0,8.24
304,1963,3.0,0.0
305,1964,3.0,0.0
306,1965,3.0,0.0
307,1966,3.0,0.0
308,1967,3.0,0.0
309,1968,3.0,0.0
310,1969,3.0,0.0
311,1970,3.0,0.0
312,1971,3.0,0.0
313,1972,3.0,0.0
314,1973,3.0,0.31
315,1974,3.0,0.0
316,1975,3.0,0.0
317,1976,3.0,0.14
318,1977,3.0,0.0
319,1978,3.0,0.47
320,1979,3.0,3.88
321,1980,3.0,0.0
322,1981,3.0,0.0
323,1982,3.0,0.0
324,1983,3.0,0.0
325,1984,3.0,2.44
326,1985,3.0,0.0
327,1986,3.0,0.0
328,1987,3.0,0.0
329,1988,3.0,0.0
330,1989,3.0,0.0
331,1990,3.0,0.84
332,1991,3.0,0.0
333,1992,3.0,0.0
334,1993,3.0,0.0
335,1994,3.0,0.0
336,1995,3.0,0.0
337,1996,3.0,0.0
338,1997,3.0,0.0
339,1998,3.0,0.0
340,1999,3.0,0.0
341,2000,3.0,0.0
342,2001,3.0,0.0
343,2002,3.0,11.32
344,2003,3.0,0.0
345,2004,3.0,0.0
346,2005,3.0,0.0
347,2006,3.0,8.84
348,2007,3.0,0.0
349,2008,3.0,0.0
350,2009,3.0,0.0
351,2010,3.0,0.0
352,2011,3.0,0.0
353,2012,3.0,0.0
354,2013,3.0,0.0
355,2014,3.0,0.0
356,2015,3.0,13.02
357,2016,3.0,4.84
358,2017,3.0,0.0
359,2018,3.0,0.0
360,2019,3.0,0.0
361,2020,3.0,0.1
362,2021,3.0,0.01
363,1901,4.0,3.95
364,1902,4.0,0.0
365,1903,4.0,0.0
366,1904,4.0,0.0
367,1905,4.0,0.0
368,1906,4.0,0.0
369,1907,4.0,6.94
370,1908,4.0,0.0
371,1909,4.0,0.78
372,1910,4.0,0.0
373,1911,4.0,0.0
374,1912,4.0,0.0
375,1913,4.0,0.0
376,1914,4.0,0.35
377,1915,4.0,0.21
378,1916,4.0,0.19
379,1917,4.0,0.0
380,1918,4.0,0.0
381,1919,4.0,0.0
382,1920,4.0,0.0
383,1921,4.0,0.0
384,1922,4.0,2.73
385,1923,4.0,0.0
386,1924,4.0,0.0
387,1925,4.0,0.0
388,1926,4.0,0.0
389,1927,4.0,0.0
390,1928,4.0,0.0
391,1929,4.0,0.69
392,1930,4.0,0.0
393,1931,4.0,0.0
394,1932,4.0,0.0
395,1933,4.0,0.0
396,1934,4.0,0.0
397,1935,4.0,0.0
398,1936,4.0,0.0
399,1937,4.0,0.0
400,1938,4.0,0.0
401,1939,4.0,0.0
402,1940,4.0,0.0
403,1941,4.0,0.0
404,1942,4.0,0.0
405,1943,4.0,0.0
406,1944,4.0,0.0
407,1945,4.0,0.0
408,1946,4.0,0.0
409,1947,4.0,75.54
410,1948,4.0,0.0
411,1949,4.0,0.0
412,1950,4.0,0.0
413,1951,4.0,2.69
414,1952,4.0,0.0
415,1953,4.0,3.39
416,1954,4.0,2.06
417,1955,4.0,0.0
418,1956,4.0,0.0
419,1957,4.0,0.0
420,1958,4.0,0.0
421,1959,4.0,4.31
422,1960,4.0,0.0
423,1961,4.0,0.23
424,1962,4.0,14.12
425,1963,4.0,0.0
426,1964,4.0,0.0
427,1965,4.0,2.03
428,1966,4.0,0.0
429,1967,4.0,0.0
430,1968,4.0,0.0
431,1969,4.0,0.15
432,1970,4.0,1.03
433,1971,4.0,0.0
434,1972,4.0,0.38
435,1973,4.0,0.76
436,1974,4.0,23.67
437,1975,4.0,0.0
438,1976,4.0,0.0
439,1977,4.0,0.46
440,1978,4.0,0.0
441,1979,4.0,0.0
442,1980,4.0,0.68
443,1981,4.0,2.97
444,1982,4.0,0.0
445,1983,4.0,7.02
446,1984,4.0,0.0
447,1985,4.0,0.0
448,1986,4.0,0.0
449,1987,4.0,0.0
450,1988,4.0,0.0
451,1989,4.0,0.0
452,1990,4.0,0.0
453,1991,4.0,0.91
454,1992,4.0,0.0
455,1993,4.0,0.0
456,1994,4.0,1.16
457,1995,4.0,0.0
458,1996,4.0,0.0
459,1997,4.0,0.26
460,1998,4.0,0.0
461,1999,4.0,0.0
462,2000,4.0,0.0
463,2001,4.0,1.1
464,2002,4.0,0.0
465,2003,4.0,0.0
466,2004,4.0,10.88
467,2005,4.0,0.0
468,2006,4.0,0.0
469,2007,4.0,0.0
470,2008,4.0,0.0
471,2009,4.0,0.0
472,2010,4.0,0.49
473,2011,4.0,0.0
474,2012,4.0,0.0
475,2013,4.0,0.0
476,2014,4.0,0.0
477,2015,4.0,0.73
478,2016,4.0,0.0
479,2017,4.0,0.0
480,2018,4.0,0.0
481,2019,4.0,0.0
482,2020,4.0,0.0
483,2021,4.0,0.0
484,1901,5.0,17.14
485,1902,5.0,0.36
486,1903,5.0,220.57
487,1904,5.0,0.0
488,1905,5.0,0.0
489,1906,5.0,0.0
490,1907,5.0,0.0
491,1908,5.0,0.35
492,1909,5.0,0.0
493,1910,5.0,3.05
494,1911,5.0,2.38
495,1912,5.0,5.13
496,1913,5.0,0.0
497,1914,5.0,0.0
498,1915,5.0,1.97
499,1916,5.0,3.44
500,1917,5.0,11.3
501,1918,5.0,223.94
502,1919,5.0,0.0
503,1920,5.0,0.0
504,1921,5.0,0.0
505,1922,5.0,0.1
506,1923,5.0,0.0
507,1924,5.0,0.0
508,1925,5.0,86.61
509,1926,5.0,0.49
510,1927,5.0,0.0
511,1928,5.0,3.38
512,1929,5.0,0.0
513,1930,5.0,0.13
514,1931,5.0,0.0
515,1932,5.0,4.71
516,1933,5.0,57.86
517,1934,5.0,0.0
518,1935,5.0,0.0
519,1936,5.0,6.17
520,1937,5.0,0.0
521,1938,5.0,11.74
522,1939,5.0,0.0
523,1940,5.0,0.0
524,1941,5.0,0.0
525,1942,5.0,0.0
526,1943,5.0,132.8
527,1944,5.0,1.15
528,1945,5.0,0.0
529,1946,5.0,22.92
530,1947,5.0,0.0
531,1948,5.0,0.0
532,1949,5.0,55.26
533,1950,5.0,2.23
534,1951,5.0,23.53
535,1952,5.0,0.0
536,1953,5.0,0.0
537,1954,5.0,0.0
538,1955,5.0,0.98
539,1956,5.0,61.83
540,1957,5.0,25.31
541,1958,5.0,1.24
542,1959,5.0,3.48
543,1960,5.0,3.33
544,1961,5.0,16.14
545,1962,5.0,13.58
546,1963,5.0,0.0
547,1964,5.0,0.38
548,1965,5.0,0.0
549,1966,5.0,3.69
550,1967,5.0,0.0
551,1968,5.0,0.0
552,1969,5.0,0.0
553,1970,5.0,31.16
554,1971,5.0,66.89
555,1972,5.0,0.91
556,1973,5.0,0.0
557,1974,5.0,28.97
558,1975,5.0,0.81
559,1976,5.0,1.71
560,1977,5.0,0.0
561,1978,5.0,5.64
562,1979,5.0,1.22
563,1980,5.0,0.0
564,1981,5.0,0.0
565,1982,5.0,4.21
566,1983,5.0,0.0
567,1984,5.0,0.0
568,1985,5.0,1.81
569,1986,5.0,0.91
570,1987,5.0,0.0
571,1988,5.0,0.0
572,1989,5.0,0.0
573,1990,5.0,132.47
574,1991,5.0,0.14
575,1992,5.0,0.0
576,1993,5.0,3.81
577,1994,5.0,2.14
578,1995,5.0,0.0
579,1996,5.0,0.0
580,1997,5.0,0.0
581,1998,5.0,0.0
582,1999,5.0,81.58
583,2000,5.0,234.39
584,2001,5.0,15.51
585,2002,5.0,1.66
586,2003,5.0,0.0
587,2004,5.0,39.77
588,2005,5.0,0.12
589,2006,5.0,73.29
590,2007,5.0,214.51
591,2008,5.0,1.02
592,2009,5.0,1.41
593,2010,5.0,0.0
594,2011,5.0,0.27
595,2012,5.0,0.0
596,2013,5.0,2.3
597,2014,5.0,0.0
598,2015,5.0,1.15
599,2016,5.0,1.71
600,2017,5.0,1.04
601,2018,5.0,0.0
602,2019,5.0,0.0
603,2020,5.0,0.0
604,2021,5.0,219.08
605,1901,6.0,640.71
606,1902,6.0,248.0
607,1903,6.0,370.85
608,1904,6.0,723.08
609,1905,6.0,123.87
610,1906,6.0,321.65
611,1907,6.0,631.68
612,1908,6.0,333.99
613,1909,6.0,643.83
614,1910,6.0,468.06
615,1911,6.0,300.7
616,1912,6.0,324.09
617,1913,6.0,844.57
618,1914,6.0,580.6
619,1915,6.0,960.05
620,1916,6.0,446.17
621,1917,6.0,678.04
622,1918,6.0,292.13
623,1919,6.0,481.08
624,1920,6.0,188.63
625,1921,6.0,538.98
626,1922,6.0,624.88
627,1923,6.0,123.4
628,1924,6.0,235.48
629,1925,6.0,663.62
630,1926,6.0,169.36
631,1927,6.0,842.9
632,1928,6.0,497.39
633,1929,6.0,582.01
634,1930,6.0,699.69
635,1931,6.0,224.72
636,1932,6.0,272.18
637,1933,6.0,301.38
638,1934,6.0,864.93
639,1935,6.0,748.11
640,1936,6.0,877.4
641,1937,6.0,570.2
642,1938,6.0,767.28
643,1939,6.0,135.24
644,1940,6.0,631.43
645,1941,6.0,217.18
646,1942,6.0,667.52
647,1943,6.0,697.86
648,1944,6.0,339.55
649,1945,6.0,584.62
650,1946,6.0,466.88
651,1947,6.0,114.36
652,1948,6.0,258.69
653,1949,6.0,450.84
654,1950,6.0,156.78
655,1951,6.0,486.72
656,1952,6.0,659.49
657,1953,6.0,868.66
658,1954,6.0,574.09
659,1955,6.0,384.39
660,1956,6.0,706.2
661,1957,6.0,285.05
662,1958,6.0,828.5
663,1959,6.0,446.38
664,1960,6.0,1062.48
665,1961,6.0,374.64
666,1962,6.0,73.55
667,1963,6.0,404.67
668,1964,6.0,629.95
669,1965,6.0,637.03
670,1966,6.0,306.39
671,1967,6.0,763.74
672,1968,6.0,190.4
673,1969,6.0,482.45
674,1970,6.0,917.7
675,1971,6.0,1080.61
676,1972,6.0,722.77
677,1973,6.0,353.61
678,1974,6.0,168.95
679,1975,6.0,576.13
680,1976,6.0,380.18
681,1977,6.0,430.92
682,1978,6.0,848.68
683,1979,6.0,618.88
684,1980,6.0,719.43
685,1981,6.0,264.56
686,1982,6.0,439.46
687,1983,6.0,452.07
688,1984,6.0,574.0
689,1985,6.0,1219.52
690,1986,6.0,556.34
691,1987,6.0,428.85
692,1988,6.0,382.67
693,1989,6.0,455.42
694,1990,6.0,964.45
695,1991,6.0,1052.34
696,1992,6.0,125.44
697,1993,6.0,432.95
698,1994,6.0,450.56
699,1995,6.0,96.67
700,1996,6.0,259.41
701,1997,6.0,594.53
702,1998,6.0,412.56
703,1999,6.0,534.15
704,2000,6.0,355.01
705,2001,6.0,472.24
706,2002,6.0,441.05
707,2003,6.0,704.44
708,2004,6.0,291.6
709,2005,6.0,505.16
710,2006,6.0,454.16
711,2007,6.0,611.99
712,2008,6.0,702.81
713,2009,6.0,245.26
714,2010,6.0,790.49
715,2011,6.0,550.41
716,2012,6.0,228.63
717,2013,6.0,1048.49
718,2014,6.0,61.06
719,2015,6.0,931.1
720,2016,6.0,580.59
721,2017,6.0,584.95
722,2018,6.0,846.86
723,2019,6.0,412.76
724,2020,6.0,439.81
725,2021,6.0,796.31
726,1901,7.0,888.37
727,1902,7.0,408.43
728,1903,7.0,902.45
729,1904,7.0,390.89
730,1905,7.0,581.83
731,1906,7.0,804.38
732,1907,7.0,1351.9
733,1908,7.0,897.48
734,1909,7.0,983.09
735,1910,7.0,289.06
736,1911,7.0,392.95
737,1912,7.0,751.19
738,1913,7.0,875.49
739,1914,7.0,942.62
740,1915,7.0,374.42
741,1916,7.0,681.55
742,1917,7.0,540.75
743,1918,7.0,220.57
744,1919,7.0,884.56
745,1920,7.0,742.46
746,1921,7.0,1135.03
747,1922,7.0,881.6
748,1923,7.0,1119.09
749,1924,7.0,498.83
750,1925,7.0,282.27
751,1926,7.0,1098.74
752,1927,7.0,543.92
753,1928,7.0,735.41
754,1929,7.0,354.06
755,1930,7.0,320.53
756,1931,7.0,1151.5
757,1932,7.0,913.34
758,1933,7.0,391.55
759,1934,7.0,518.91
760,1935,7.0,567.32
761,1936,7.0,280.21
762,1937,7.0,953.56
763,1938,7.0,540.38
764,1939,7.0,812.9
765,1940,7.0,693.14
766,1941,7.0,506.74
767,1942,7.0,887.97
768,1943,7.0,742.08
769,1944,7.0,1102.17
770,1945,7.0,729.45
771,1946,7.0,614.31
772,1947,7.0,640.74
773,1948,7.0,799.33
774,1949,7.0,776.03
775,1950,7.0,768.31
776,1951,7.0,873.03
777,1952,7.0,816.15
778,1953,7.0,993.93
779,1954,7.0,1299.69
780,1955,7.0,498.64
781,1956,7.0,854.2
782,1957,7.0,789.89
783,1958,7.0,897.84
784,1959,7.0,930.31
785,1960,7.0,569.29
786,1961,7.0,1175.56
787,1962,7.0,437.95
788,1963,7.0,788.4
789,1964,7.0,498.55
790,1965,7.0,1045.95
791,1966,7.0,898.19
792,1967,7.0,971.62
793,1968,7.0,569.08
794,1969,7.0,608.96
795,1970,7.0,548.92
796,1971,7.0,331.29
797,1972,7.0,577.56
798,1973,7.0,597.36
799,1974,7.0,1351.62
800,1975,7.0,892.12
801,1976,7.0,795.01
802,1977,7.0,1113.55
803,1978,7.0,448.58
804,1979,7.0,351.12
805,1980,7.0,429.57
806,1981,7.0,637.59
807,1982,7.0,783.97
808,1983,7.0,992.74
809,1984,7.0,1079.18
810,1985,7.0,618.43
811,1986,7.0,199.63
812,1987,7.0,692.49
813,1988,7.0,927.14
814,1989,7.0,850.56
815,1990,7.0,310.51
816,1991,7.0,1115.68
817,1992,7.0,521.64
818,1993,7.0,736.43
819,1994,7.0,953.83
820,1995,7.0,537.83
821,1996,7.0,1006.34
822,1997,7.0,570.77
823,1998,7.0,575.77
824,1999,7.0,474.61
825,2000,7.0,1153.88
826,2001,7.0,585.18
827,2002,7.0,103.21
828,2003,7.0,794.22
829,2004,7.0,820.82
830,2005,7.0,983.66
831,2006,7.0,1007.72
832,2007,7.0,805.6
833,2008,7.0,930.23
834,2009,7.0,880.55
835,2010,7.0,1135.25
836,2011,7.0,1337.72
837,2012,7.0,537.58
838,2013,7.0,1021.24
839,2014,7.0,1358.83
840,2015,7.0,329.24
841,2016,7.0,830.18
842,2017,7.0,702.39
843,2018,7.0,913.47
844,2019,7.0,1302.47
845,2020,7.0,1328.77
846,2021,7.0,981.15
847,1901,8.0,545.05
848,1902,8.0,566.6
849,1903,8.0,602.42
850,1904,8.0,191.58
851,1905,8.0,167.38
852,1906,8.0,539.06
853,1907,8.0,464.48
854,1908,8.0,445.87
855,1909,8.0,331.58
856,1910,8.0,774.63
857,1911,8.0,549.47
858,1912,8.0,347.85
859,1913,8.0,175.59
860,1914,8.0,503.32
861,1915,8.0,219.7
862,1916,8.0,628.14
863,1917,8.0,1115.99
864,1918,8.0,284.0
865,1919,8.0,446.05
866,1920,8.0,276.51
867,1921,8.0,292.26
868,1922,8.0,163.62
869,1923,8.0,247.99
870,1924,8.0,512.32
871,1925,8.0,268.0
872,1926,8.0,673.4
873,1927,8.0,233.62
874,1928,8.0,621.1
875,1929,8.0,271.53
876,1930,8.0,235.38
877,1931,8.0,565.38
878,1932,8.0,190.75
879,1933,8.0,527.07
880,1934,8.0,548.19
881,1935,8.0,353.56
882,1936,8.0,206.02
883,1937,8.0,128.57
884,1938,8.0,436.96
885,1939,8.0,389.98
886,1940,8.0,596.66
887,1941,8.0,108.67
888,1942,8.0,267.71
889,1943,8.0,87.49
890,1944,8.0,467.13
891,1945,8.0,610.9
892,1946,8.0,483.11
893,1947,8.0,653.87
894,1948,8.0,437.88
895,1949,8.0,344.73
896,1950,8.0,120.26
897,1951,8.0,233.5
898,1952,8.0,182.47
899,1953,8.0,365.7
900,1954,8.0,854.47
901,1955,8.0,981.3
902,1956,8.0,506.77
903,1957,8.0,656.51
904,1958,8.0,1128.25
905,1959,8.0,662.53
906,1960,8.0,285.01
907,1961,8.0,358.15
908,1962,8.0,304.78
909,1963,8.0,1008.3
910,1964,8.0,501.57
911,1965,8.0,393.84
912,1966,8.0,128.78
913,1967,8.0,303.4
914,1968,8.0,140.91
915,1969,8.0,210.48
916,1970,8.0,730.79
917,1971,8.0,653.17
918,1972,8.0,118.62
919,1973,8.0,465.73
920,1974,8.0,533.37
921,1975,8.0,728.71
922,1976,8.0,392.74
923,1977,8.0,231.22
924,1978,8.0,216.88
925,1979,8.0,588.85
926,1980,8.0,604.37
927,1981,8.0,394.42
928,1982,8.0,478.76
929,1983,8.0,1200.96
930,1984,8.0,176.73
931,1985,8.0,327.76
932,1986,8.0,435.64
933,1987,8.0,745.6
934,1988,8.0,307.54
935,1989,8.0,492.49
936,1990,8.0,1004.66
937,1991,8.0,235.07
938,1992,8.0,725.6
939,1993,8.0,302.49
940,1994,8.0,333.49
941,1995,8.0,299.09
942,1996,8.0,437.28
943,1997,8.0,627.13
944,1998,8.0,651.56
945,1999,8.0,176.38
946,2000,8.0,602.15
947,2001,8.0,399.46
948,2002,8.0,620.19
949,2003,8.0,339.67
950,2004,8.0,874.32
951,2005,8.0,492.09
952,2006,8.0,762.2
953,2007,8.0,669.48
954,2008,8.0,501.2
955,2009,8.0,216.61
956,2010,8.0,924.97
957,2011,8.0,833.23
958,2012,8.0,598.25
959,2013,8.0,264.47
960,2014,8.0,448.21
961,2015,8.0,193.14
962,2016,8.0,544.15
963,2017,8.0,797.0
964,2018,8.0,228.59
965,2019,8.0,479.83
966,2020,8.0,1182.08
967,2021,8.0,323.2
968,1901,9.0,64.27
969,1902,9.0,688.91
970,1903,9.0,264.59
971,1904,9.0,85.7
972,1905,9.0,172.3
973,1906,9.0,108.85
974,1907,9.0,50.09
975,1908,9.0,215.12
976,1909,9.0,517.73
977,1910,9.0,264.4
978,1911,9.0,135.11
979,1912,9.0,115.57
980,1913,9.0,169.95
981,1914,9.0,633.18
982,1915,9.0,288.5
983,1916,9.0,326.12
984,1917,9.0,572.46
985,1918,9.0,76.8
986,1919,9.0,240.41
987,1920,9.0,129.37
988,1921,9.0,355.51
989,1922,9.0,252.93
990,1923,9.0,437.23
991,1924,9.0,339.44
992,1925,9.0,106.13
993,1926,9.0,380.87
994,1927,9.0,168.6
995,1928,9.0,220.88
996,1929,9.0,173.98
997,1930,9.0,818.55
998,1931,9.0,149.58
999,1932,9.0,286.55
1000,1933,9.0,348.6
1001,1934,9.0,224.03
1002,1935,9.0,252.9
1003,1936,9.0,260.86
1004,1937,9.0,273.4
1005,1938,9.0,164.92
1006,1939,9.0,137.51
1007,1940,9.0,427.44
1008,1941,9.0,140.42
1009,1942,9.0,314.41
1010,1943,9.0,249.76
1011,1944,9.0,52.21
1012,1945,9.0,246.45
1013,1946,9.0,429.24
1014,1947,9.0,520.8
1015,1948,9.0,310.93
1016,1949,9.0,987.62
1017,1950,9.0,667.69
1018,1951,9.0,62.59
1019,1952,9.0,81.01
1020,1953,9.0,133.44
1021,1954,9.0,699.76
1022,1955,9.0,262.9
1023,1956,9.0,550.97
1024,1957,9.0,64.38
1025,1958,9.0,394.15
1026,1959,9.0,269.28
1027,1960,9.0,114.32
1028,1961,9.0,265.82
1029,1962,9.0,304.6
1030,1963,9.0,322.37
1031,1964,9.0,264.62
1032,1965,9.0,69.53
1033,1966,9.0,224.29
1034,1967,9.0,204.07
1035,1968,9.0,136.62
1036,1969,9.0,379.41
1037,1970,9.0,301.2
1038,1971,9.0,345.39
1039,1972,9.0,76.73
1040,1973,9.0,363.85
1041,1974,9.0,164.55
1042,1975,9.0,459.79
1043,1976,9.0,397.11
1044,1977,9.0,493.28
1045,1978,9.0,222.55
1046,1979,9.0,210.39
1047,1980,9.0,136.76
1048,1981,9.0,702.67
1049,1982,9.0,141.77
1050,1983,9.0,540.93
1051,1984,9.0,355.59
1052,1985,9.0,122.01
1053,1986,9.0,84.71
1054,1987,9.0,36.31
1055,1988,9.0,783.24
1056,1989,9.0,171.13
1057,1990,9.0,401.79
1058,1991,9.0,57.26
1059,1992,9.0,286.15
1060,1993,9.0,849.16
1061,1994,9.0,360.82
1062,1995,9.0,457.6
1063,1996,9.0,394.58
1064,1997,9.0,365.04
1065,1998,9.0,398.65
1066,1999,9.0,360.99
1067,2000,9.0,111.7
1068,2001,9.0,91.3
1069,2002,9.0,126.27
1070,2003,9.0,279.46
1071,2004,9.0,174.85
1072,2005,9.0,657.56
1073,2006,9.0,256.24
1074,2007,9.0,500.85
1075,2008,9.0,288.72
1076,2009,9.0,465.49
1077,2010,9.0,300.26
1078,2011,9.0,300.39
1079,2012,9.0,493.74
1080,2013,9.0,256.68
1081,2014,9.0,320.73
1082,2015,9.0,219.46
1083,2016,9.0,731.3
1084,2017,9.0,539.93
1085,2018,9.0,78.94
1086,2019,9.0,987.8
1087,2020,9.0,411.25
1088,2021,9.0,601.25
1089,1901,10.0,9.87
1090,1902,10.0,28.65
1091,1903,10.0,157.89
1092,1904,10.0,38.68
1093,1905,10.0,7.37
1094,1906,10.0,0.13
1095,1907,10.0,7.84
1096,1908,10.0,19.53
1097,1909,10.0,0.0
1098,1910,10.0,79.47
1099,1911,10.0,0.2
1100,1912,10.0,33.97
1101,1913,10.0,78.29
1102,1914,10.0,3.9
1103,1915,10.0,91.79
1104,1916,10.0,158.77
1105,1917,10.0,552.9
1106,1918,10.0,0.0
1107,1919,10.0,43.48
1108,1920,10.0,66.1
1109,1921,10.0,8.06
1110,1922,10.0,16.99
1111,1923,10.0,0.0
1112,1924,10.0,0.19
1113,1925,10.0,6.69
1114,1926,10.0,16.51
1115,1927,10.0,166.68
1116,1928,10.0,13.7
1117,1929,10.0,118.81
1118,1930,10.0,37.63
1119,1931,10.0,426.63
1120,1932,10.0,174.68
1121,1933,10.0,59.85
1122,1934,10.0,6.16
1123,1935,10.0,40.82
1124,1936,10.0,1.21
1125,1937,10.0,41.37
1126,1938,10.0,519.11
1127,1939,10.0,2.47
1128,1940,10.0,154.58
1129,1941,10.0,85.47
1130,1942,10.0,0.0
1131,1943,10.0,103.78
1132,1944,10.0,70.51
1133,1945,10.0,4.63
1134,1946,10.0,50.63
1135,1947,10.0,43.19
1136,1948,10.0,16.78
1137,1949,10.0,46.95
1138,1950,10.0,21.3
1139,1951,10.0,98.24
1140,1952,10.0,59.81
1141,1953,10.0,68.42
1142,1954,10.0,45.24
1143,1955,10.0,213.81
1144,1956,10.0,102.08
1145,1957,10.0,14.02
1146,1958,10.0,0.28
1147,1959,10.0,337.95
1148,1960,10.0,253.05
1149,1961,10.0,97.57
1150,1962,10.0,6.54
1151,1963,10.0,21.64
1152,1964,10.0,101.64
1153,1965,10.0,0.0
1154,1966,10.0,16.68
1155,1967,10.0,57.93
1156,1968,10.0,43.5
1157,1969,10.0,1.31
1158,1970,10.0,61.42
1159,1971,10.0,24.63
1160,1972,10.0,0.18
1161,1973,10.0,52.9
1162,1974,10.0,123.51
1163,1975,10.0,162.12
1164,1976,10.0,0.0
1165,1977,10.0,30.46
1166,1978,10.0,59.48
1167,1979,10.0,7.77
1168,1980,10.0,22.13
1169,1981,10.0,50.54
1170,1982,10.0,0.0
1171,1983,10.0,106.08
1172,1984,10.0,14.19
1173,1985,10.0,153.35
1174,1986,10.0,0.15
1175,1987,10.0,53.48
1176,1988,10.0,242.34
1177,1989,10.0,41.54
1178,1990,10.0,103.17
1179,1991,10.0,1.68
1180,1992,10.0,62.58
1181,1993,10.0,94.88
1182,1994,10.0,27.61
1183,1995,10.0,115.9
1184,1996,10.0,128.34
1185,1997,10.0,0.0
1186,1998,10.0,343.99
1187,1999,10.0,125.52
1188,2000,10.0,18.69
1189,2001,10.0,73.02
1190,2002,10.0,0.53
1191,2003,10.0,6.31
1192,2004,10.0,37.85
1193,2005,10.0,38.22
1194,2006,10.0,215.04
1195,2007,10.0,0.55
1196,2008,10.0,41.27
1197,2009,10.0,180.28
1198,2010,10.0,89.03
1199,2011,10.0,85.47
1200,2012,10.0,104.84
1201,2013,10.0,61.89
1202,2014,10.0,37.7
1203,2015,10.0,67.34
1204,2016,10.0,82.13
1205,2017,10.0,102.11
1206,2018,10.0,13.35
1207,2019,10.0,92.01
1208,2020,10.0,184.46
1209,2021,10.0,36.04
1210,1901,11.0,0.0
1211,1902,11.0,0.49
1212,1903,11.0,0.0
1213,1904,11.0,0.0
1214,1905,11.0,24.9
1215,1906,11.0,0.0
1216,1907,11.0,0.0
1217,1908,11.0,0.0
1218,1909,11.0,0.0
1219,1910,11.0,5.17
1220,1911,11.0,1.51
1221,1912,11.0,93.63
1222,1913,11.0,0.0
1223,1914,11.0,5.4
1224,1915,11.0,0.1
1225,1916,11.0,8.49
1226,1917,11.0,0.0
1227,1918,11.0,0.45
1228,1919,11.0,1.53
1229,1920,11.0,0.0
1230,1921,11.0,0.0
1231,1922,11.0,9.37
1232,1923,11.0,0.0
1233,1924,11.0,3.69
1234,1925,11.0,12.54
1235,1926,11.0,0.0
1236,1927,11.0,42.03
1237,1928,11.0,2.01
1238,1929,11.0,1.35
1239,1930,11.0,0.11
1240,1931,11.0,59.86
1241,1932,11.0,0.69
1242,1933,11.0,0.0
1243,1934,11.0,40.92
1244,1935,11.0,1.47
1245,1936,11.0,48.74
1246,1937,11.0,0.0
1247,1938,11.0,38.16
1248,1939,11.0,45.94
1249,1940,11.0,30.82
1250,1941,11.0,0.0
1251,1942,11.0,0.0
1252,1943,11.0,1.02
1253,1944,11.0,0.0
1254,1945,11.0,1.93
1255,1946,11.0,153.24
1256,1947,11.0,0.0
1257,1948,11.0,164.35
1258,1949,11.0,0.0
1259,1950,11.0,1.09
1260,1951,11.0,7.89
1261,1952,11.0,0.0
1262,1953,11.0,0.0
1263,1954,11.0,0.0
1264,1955,11.0,3.32
1265,1956,11.0,10.16
1266,1957,11.0,37.62
1267,1958,11.0,2.28
1268,1959,11.0,0.0
1269,1960,11.0,0.0
1270,1961,11.0,0.0
1271,1962,11.0,14.05
1272,1963,11.0,5.45
1273,1964,11.0,4.79
1274,1965,11.0,3.22
1275,1966,11.0,1.29
1276,1967,11.0,0.0
1277,1968,11.0,1.37
1278,1969,11.0,4.54
1279,1970,11.0,0.0
1280,1971,11.0,0.0
1281,1972,11.0,39.37
1282,1973,11.0,0.0
1283,1974,11.0,0.0
1284,1975,11.0,0.0
1285,1976,11.0,34.83
1286,1977,11.0,45.87
1287,1978,11.0,22.77
1288,1979,11.0,106.4
1289,1980,11.0,8.23
1290,1981,11.0,11.96
1291,1982,11.0,122.25
1292,1983,11.0,41.2
1293,1984,11.0,0.0
1294,1985,11.0,0.0
1295,1986,11.0,23.18
1296,1987,11.0,0.51
1297,1988,11.0,0.15
1298,1989,11.0,0.0
1299,1990,11.0,0.61
1300,1991,11.0,1.07
1301,1992,11.0,0.0
1302,1993,11.0,8.07
1303,1994,11.0,0.12
1304,1995,11.0,0.0
1305,1996,11.0,1.79
1306,1997,11.0,24.75
1307,1998,11.0,21.38
1308,1999,11.0,0.0
1309,2000,11.0,0.0
1310,2001,11.0,0.0
1311,2002,11.0,0.0
1312,2003,11.0,0.0
1313,2004,11.0,1.93
1314,2005,11.0,0.0
1315,2006,11.0,6.76
1316,2007,11.0,0.0
1317,2008,11.0,0.0
1318,2009,11.0,106.22
1319,2010,11.0,48.29
1320,2011,11.0,0.0
1321,2012,11.0,0.0
1322,2013,11.0,3.54
1323,2014,11.0,4.81
1324,2015,11.0,1.64
1325,2016,11.0,0.0
1326,2017,11.0,0.0
1327,2018,11.0,8.94
1328,2019,11.0,57.01
1329,2020,11.0,0.0
1330,2021,11.0,25.16
1331,1901,12.0,0.0
1332,1902,12.0,19.53
1333,1903,12.0,0.0
1334,1904,12.0,0.0
1335,1905,12.0,0.0
1336,1906,12.0,0.0
1337,1907,12.0,0.0
1338,1908,12.0,0.0
1339,1909,12.0,0.0
1340,1910,12.0,0.0
1341,1911,12.0,0.0
1342,1912,12.0,0.0
1343,1913,12.0,0.0
1344,1914,12.0,0.0
1345,1915,12.0,0.0
1346,1916,12.0,0.0
1347,1917,12.0,0.0
1348,1918,12.0,0.0
1349,1919,12.0,0.0
1350,1920,12.0,0.0
1351,1921,12.0,0.0
1352,1922,12.0,0.97
1353,1923,12.0,0.0
1354,1924,12.0,0.0
1355,1925,12.0,0.0
1356,1926,12.0,0.0
1357,1927,12.0,1.03
1358,1928,12.0,0.0
1359,1929,12.0,8.94
1360,1930,12.0,0.0
1361,1931,12.0,9.87
1362,1932,12.0,1.39
1363,1933,12.0,14.47
1364,1934,12.0,0.0
1365,1935,12.0,0.0
1366,1936,12.0,0.0
1367,1937,12.0,0.62
1368,1938,12.0,0.0
1369,1939,12.0,0.0
1370,1940,12.0,0.0
1371,1941,12.0,0.0
1372,1942,12.0,2.37
1373,1943,12.0,0.0
1374,1944,12.0,0.0
1375,1945,12.0,0.0
1376,1946,12.0,5.77
1377,1947,12.0,0.0
1378,1948,12.0,0.0
1379,1949,12.0,0.0
1380,1950,12.0,0.0
1381,1951,12.0,0.0
1382,1952,12.0,0.0
1383,1953,12.0,0.0
1384,1954,12.0,2.55
1385,1955,12.0,0.0
1386,1956,12.0,0.0
1387,1957,12.0,0.0
1388,1958,12.0,0.0
1389,1959,12.0,0.0
1390,1960,12.0,0.27
1391,1961,12.0,0.76
1392,1962,12.0,25.43
1393,1963,12.0,0.0
1394,1964,12.0,0.0
1395,1965,12.0,5.72
1396,1966,12.0,0.0
1397,1967,12.0,34.61
1398,1968,12.0,0.0
1399,1969,12.0,0.18
1400,1970,12.0,0.0
1401,1971,12.0,0.0
1402,1972,12.0,0.0
1403,1973,12.0,0.0
1404,1974,12.0,0.0
1405,1975,12.0,0.0
1406,1976,12.0,0.0
1407,1977,12.0,0.0
1408,1978,12.0,2.41
1409,1979,12.0,0.0
1410,1980,12.0,14.44
1411,1981,12.0,0.0
1412,1982,12.0,0.0
1413,1983,12.0,0.0
1414,1984,12.0,0.0
1415,1985,12.0,0.0
1416,1986,12.0,2.8
1417,1987,12.0,27.6
1418,1988,12.0,0.0
1419,1989,12.0,0.0
1420,1990,12.0,0.0
1421,1991,12.0,2.81
1422,1992,12.0,0.0
1423,1993,12.0,0.15
1424,1994,12.0,0.0
1425,1995,12.0,0.0
1426,1996,12.0,0.0
1427,1997,12.0,32.53
1428,1998,12.0,0.0
1429,1999,12.0,0.0
1430,2000,12.0,9.63
1431,2001,12.0,0.0
1432,2002,12.0,0.35
1433,2003,12.0,0.0
1434,2004,12.0,0.0
1435,2005,12.0,0.0
1436,2006,12.0,0.0
1437,2007,12.0,0.0
1438,2008,12.0,0.0
1439,2009,12.0,0.0
1440,2010,12.0,0.0
1441,2011,12.0,0.0
1442,2012,12.0,0.0
1443,2013,12.0,0.26
1444,2014,12.0,15.21
1445,2015,12.0,0.0
1446,2016,12.0,0.0
1447,2017,12.0,79.69
1448,2018,12.0,0.0
1449,2019,12.0,1.17
1450,2020,12.0,16.79
1451,2021,12.0,90.04
1452,1901,,2182.48
1453,1902,,1960.97
1454,1903,,2519.61
1455,1904,,1441.32
1456,1905,,1080.02
1457,1906,,1777.37
1458,1907,,2518.41
1459,1908,,1916.6
1460,1909,,2477.01
1461,1910,,1883.83
1462,1911,,1383.09
1463,1912,,1671.43
1464,1913,,2144.24
1465,1914,,2672.47
1466,1915,,1967.03
1467,1916,,2252.86
1468,1917,,3492.54
1469,1918,,1108.92
1470,1919,,2098.77
1471,1920,,1448.08
1472,1921,,2329.84
1473,1922,,1953.19
1474,1923,,1927.96
1475,1924,,1590.12
1476,1925,,1426.76
1477,1926,,2390.71
1478,1927,,2000.78
1479,1928,,2096.06
1480,1929,,1516.96
1481,1930,,2112.01
1482,1931,,2587.56
1483,1932,,1844.28
1484,1933,,1701.03
1485,1934,,2203.62
1486,1935,,1964.17
1487,1936,,1680.96
1488,1937,,1973.76
1489,1938,,2478.56
1490,1939,,1524.05
1491,1940,,2559.98
1492,1941,,1058.84
1493,1942,,2139.97
1494,1943,,2017.44
1495,1944,,2033.07
1496,1945,,2192.54
1497,1946,,2226.11
1498,1947,,2048.85
1499,1948,,1993.01
1500,1949,,2661.42
1501,1950,,1737.66
1502,1951,,1789.97
1503,1952,,1798.93
1504,1953,,2433.56
1505,1954,,3485.96
1506,1955,,2345.33
1507,1956,,2792.21
1508,1957,,1872.78
1509,1958,,3252.68
1510,1959,,2654.22
1511,1960,,2287.76
1512,1961,,2308.23
1513,1962,,1203.43
1514,1963,,2555.25
1515,1964,,2001.49
1516,1965,,2160.41
1517,1966,,1579.3
1518,1967,,2335.36
1519,1968,,1081.88
1520,1969,,1687.48
1521,1970,,2592.75
1522,1971,,2502.59
1523,1972,,1540.52
1524,1973,,1835.0
1525,1974,,2394.65
1526,1975,,2819.69
1527,1976,,2001.72
1528,1977,,2345.75
1529,1978,,1827.99
1530,1979,,1888.79
1531,1980,,1936.74
1532,1981,,2066.21
1533,1982,,1970.41
1534,1983,,3340.98
1535,1984,,2203.01
1536,1985,,2442.87
1537,1986,,1303.36
1538,1987,,1984.84
1539,1988,,2643.07
1540,1989,,2017.27
1541,1990,,2919.18
1542,1991,,2466.95
1543,1992,,1721.41
1544,1993,,2427.94
1545,1994,,2142.2
1546,1995,,1508.0
1547,1996,,2230.35
1548,1997,,2215.01
1549,1998,,2403.91
1550,1999,,1753.38
1551,2000,,2485.44
1552,2001,,1638.83
1553,2002,,1304.58
1554,2003,,2126.05
1555,2004,,2252.02
1556,2005,,2677.36
1557,2006,,2784.25
1558,2007,,2802.96
1559,2008,,2465.25
1560,2009,,2095.82
1561,2010,,3288.78
1562,2011,,3107.5
1563,2012,,1963.03
1564,2013,,2658.87
1565,2014,,2251.1
1566,2015,,1756.81
1567,2016,,2774.9
1568,2017,,2807.1
1569,2018,,2090.15
1570,2019,,3333.06
1571,2020,,3563.26
1572,2021,,3073.78
